"is_number","title","scope","version","status","amendments","certification","related_standards","why_recommended"
"IS 2925:1984","Industrial Safety Helmets","Requirements and tests for protective helmets used in industrial work","1984","Active","Check current BIS catalogue","BIS certification required where covered by QCO","IS 8519; IS 3521","Matches industrial safety helmet procurement and testing needs"
"IS 2062:2011","Hot Rolled Structural Steel","Technical requirements for hot rolled structural steel products","2011","Active","Check current BIS catalogue","BIS certification as applicable","IS 800:2007; IS 808","Matches structural steel material and grade requirements"
"IS 800:2007","General Construction in Steel Code of Practice","Design fabrication and erection of steel structures","2007","Active","Check current BIS catalogue","Not generally a product certification standard","IS 2062:2011; IS 875 Part 3","Matches steel structure design and construction requirements"
"IS 456:2000","Plain and Reinforced Concrete Code of Practice","General structural use of plain and reinforced concrete","2000","Active","Check current BIS catalogue","Not generally a product certification standard","IS 10262; IS 516","Matches concrete design and construction requirements"
"IS 7098 Part 1:2008","XLPE Insulated PVC Sheathed Cables","Power cables rated up to and including 1100 V","2008","Active","Check current BIS catalogue","BIS certification as applicable","IS 8130; IS 1554","Matches electrical cable requirements"
"IS 4984:2016","HDPE Pipes for Potable Water Supplies","HDPE pipes for potable water supply systems","2016","Active","Check current BIS catalogue","BIS certification as applicable","IS 12235 Part 8; IS 2530","Matches water pipeline procurement requirements"
"IS 1786:2008","High Strength Steel Bars for Concrete Reinforcement","Requirements for reinforcement bars and wires","2008","Active","Check current BIS catalogue","BIS certification as applicable","IS 456:2000; IS 2502","Matches reinforcement steel requirements"
"IS 383:2016","Coarse and Fine Aggregate for Concrete","Requirements for coarse and fine aggregates from natural and manufactured sources for concrete","2016","Active","Check current BIS catalogue","Check applicable BIS certification and QCO requirements","IS 2386 (Parts 1–8); IS 456:2000","Supports procurement specifications for aggregates used in concrete"
"IS 10262:2019","Concrete Mix Proportioning Guidelines","Guidelines for proportioning concrete mixes","2019","Active","Check current BIS catalogue","Not generally a product certification standard","IS 456:2000; IS 383:2016; IS 9103","Supports concrete mix design and proportioning requirements"
"IS 2185 (Part 1):2005","Concrete Masonry Units — Hollow and Solid Concrete Blocks","Requirements for hollow and solid concrete masonry blocks","2005","Active","Check current BIS catalogue","Check applicable BIS certification and QCO requirements","IS 2185 (Part 2):1983; IS 2185 (Part 3):1984","Matches procurement of hollow and solid concrete blocks"
"IS 15683:2018","Portable Fire Extinguishers — Performance and Construction","Performance and construction requirements for portable fire extinguishers","2018","Active","Check current BIS catalogue","Check applicable BIS certification and QCO requirements","IS 2190:2024","Supports procurement of portable fire extinguishers and complements installation and maintenance guidance"
"IS 269:2015","Ordinary Portland Cement — Specification","Requirements for ordinary Portland cement, including specified strength grades","2015","Active","Check current BIS catalogue","BIS certification applies under the cement QCO","IS 4031 (Parts 1–15); IS 456:2000","Supports procurement of ordinary Portland cement for construction"
"IS 1489 (Part 1):2015","Portland Pozzolana Cement — Fly Ash Based","Requirements for fly ash based Portland pozzolana cement","2015","Active","Check current BIS catalogue","BIS certification applies under the cement QCO","IS 269:2015; IS 4031 (Parts 1–15)","Specifies fly ash based pozzolana cement for construction procurement"
"IS 1489 (Part 2):2015","Portland Pozzolana Cement — Calcined Clay Based","Requirements for calcined clay based Portland pozzolana cement","2015","Active","Check current BIS catalogue","BIS certification applies under the cement QCO","IS 269:2015; IS 4031 (Parts 1–15)","Specifies calcined clay based pozzolana cement for construction procurement"
"IS 694:2010","PVC Insulated Cables and Cords","Requirements for PVC insulated unsheathed and sheathed cables and cords with rigid or flexible conductors rated up to 450/750 V","2010","Active","Check current BIS catalogue","BIS certification applies under the applicable cable QCO","IS 8130; IS 10810; IS 1554 (Part 1)","Matches low voltage PVC cable and cord procurement requirements"
"IS 875 (Part 1):1987","Design Loads for Buildings and Structures — Dead Loads","Unit weights of building materials, building components, and stored materials for determining dead loads","1987","Active","Check current BIS catalogue","Not a product certification standard","IS 875 (Part 2):1987; IS 875 (Part 3):2015","Supports structural design and tender checks involving permanent building loads"
"IS 875 (Part 2):1987","Design Loads for Buildings and Structures — Imposed Loads","Imposed loads for buildings and structures, excluding earthquake loads","1987","Active","Check current BIS catalogue","Not a product certification standard","IS 875 (Part 1):1987; IS 875 (Part 3):2015","Supports structural design requirements for occupancy and use loads"
"IS 875 (Part 3):2015","Design Loads for Buildings and Structures — Wind Loads","Wind load requirements and methods for buildings and structures","2015","Active","Check current BIS catalogue","Not a product certification standard","IS 875 (Part 1):1987; IS 875 (Part 2):1987; IS 800:2007","Supports wind-load design requirements for buildings and structural works"
"IS 4926:2003","Ready-Mixed Concrete — Code of Practice","Requirements and recommendations for production, delivery, and quality control of ready-mixed concrete","2003","Active","Check current BIS catalogue","Not generally a product certification standard","IS 456:2000; IS 383:2016; IS 9103:1999","Supports procurement and quality requirements for ready-mixed concrete"
"IS 9103:1999","Concrete Admixtures — Specification","Requirements for admixtures used in concrete","1999","Active","Check current BIS catalogue","Check applicable BIS certification and QCO requirements","IS 456:2000; IS 4926:2003","Specifies admixtures used to modify concrete properties"
"IS 1343:2012","Prestressed Concrete — Code of Practice","Design and construction requirements for prestressed concrete","2012","Active","Check current BIS catalogue","Not a product certification standard","IS 456:2000; IS 1786:2008","Supports design and construction of prestressed concrete works"
"IS 3370 (Part 1):2021","Concrete Structures for Retaining Aqueous Liquids — General Requirements","General requirements for concrete structures intended to retain aqueous liquids","2021","Active","Check current BIS catalogue","Not a product certification standard","IS 3370 (Part 2):2021; IS 456:2000","Supports specifications for water-retaining concrete structures"
"IS 3370 (Part 2):2021","Concrete Structures for Retaining Aqueous Liquids — Plain and Reinforced Concrete","Design and construction requirements for plain and reinforced concrete liquid-retaining structures","2021","Active","Check current BIS catalogue","Not a product certification standard","IS 3370 (Part 1):2021; IS 456:2000","Applies to reinforced concrete tanks and other liquid-retaining structures"
"IS 3370 (Part 3):2021","Concrete Structures for Retaining Aqueous Liquids — Prestressed Concrete","Design and construction requirements for prestressed concrete liquid-retaining structures","2021","Active","Check current BIS catalogue","Not a product certification standard","IS 3370 (Part 1):2021; IS 1343:2012","Applies to prestressed tanks and other liquid-retaining structures"
"IS 3370 (Part 4/Sec 1):2021","Concrete Structures for Retaining Aqueous Liquids — Design Tables: Plates","Design tables for plates used in concrete liquid-retaining structures","2021","Active","Check current BIS catalogue","Not a product certification standard","IS 3370 (Part 1):2021; IS 3370 (Part 2):2021","Provides design tables for plate elements in liquid-retaining structures"
"IS 3370 (Part 4/Sec 2):2021","Concrete Structures for Retaining Aqueous Liquids — Design Tables: Rectangular Tanks","Design tables for rectangular concrete tanks","2021","Active","Check current BIS catalogue","Not a product certification standard","IS 3370 (Part 1):2021; IS 3370 (Part 2):2021","Provides design tables for rectangular liquid-retaining tanks"
"IS 3370 (Part 4/Sec 3):2021","Concrete Structures for Retaining Aqueous Liquids — Design Tables: Circular Tanks","Design tables for circular concrete tanks","2021","Active","Check current BIS catalogue","Not a product certification standard","IS 3370 (Part 1):2021; IS 3370 (Part 2):2021","Provides design tables for circular liquid-retaining tanks"
"IS 1904:2021","General Requirements for Design and Construction of Foundations in Soils","General requirements for foundation design and construction in soils","2021","Active","Check current BIS catalogue","Not a product certification standard","IS 2911 series; IS 1892:2021","Supports foundation design and construction specifications"
"IS 2911 (Part 1/Sec 1):2010","Design and Construction of Pile Foundations — Driven Cast-in-Situ Concrete Piles","Code of practice for driven cast-in-situ concrete piles","2010","Active","Check current BIS catalogue","Not a product certification standard","IS 1904:2021; IS 2911 (Part 4):2013","Supports design and construction requirements for driven cast-in-situ piles"
"IS 2911 (Part 1/Sec 2):2010","Design and Construction of Pile Foundations — Bored Cast-in-Situ Concrete Piles","Code of practice for bored cast-in-situ concrete piles","2010","Active","Check current BIS catalogue","Not a product certification standard","IS 1904:2021; IS 2911 (Part 4):2013","Supports design and construction requirements for bored cast-in-situ piles"
"IS 2911 (Part 1/Sec 3):2010","Design and Construction of Pile Foundations — Driven Precast Concrete Piles","Code of practice for driven precast concrete piles","2010","Active","Check current BIS catalogue","Not a product certification standard","IS 1904:2021; IS 2911 (Part 4):2013","Supports design and construction requirements for driven precast piles"
"IS 2911 (Part 1/Sec 4):2010","Design and Construction of Pile Foundations — Precast Concrete Piles in Prebored Holes","Code of practice for precast concrete piles installed in prebored holes","2010","Active","Check current BIS catalogue","Not a product certification standard","IS 1904:2021; IS 2911 (Part 4):2013","Supports design and construction requirements for piles installed in prebored holes"
"IS 2911 (Part 2):2021","Design and Construction of Pile Foundations — Timber Piles","Code of practice for timber piles","2021","Active","Check current BIS catalogue","Not a product certification standard","IS 1904:2021; IS 2911 (Part 4):2013","Supports foundation designs using timber piles"
"IS 2911 (Part 3):2021","Design and Construction of Pile Foundations — Under-Reamed Piles","Code of practice for under-reamed piles","2021","Active","Check current BIS catalogue","Not a product certification standard","IS 1904:2021; IS 2911 (Part 4):2013","Supports foundation designs using under-reamed piles"
"IS 1893 (Part 1):2025","Design Earthquake Hazard and Criteria for Earthquake-Resistant Design — General Provisions","General provisions and earthquake hazard criteria for earthquake-resistant design of structures","2025","Active","Check current BIS catalogue","Not a product certification standard","IS 4326:2013; IS 13920:2016","Provides general earthquake hazard and design criteria for structural projects"
"IS 1893 (Part 4):2024","Criteria for Earthquake-Resistant Design of Structures — Industrial Structures","Earthquake-resistant design criteria for industrial structures, including stack-like structures","2024","Active","Check current BIS catalogue","Not a product certification standard","IS 1893 (Part 1):2025; IS 800:2007","Supports seismic design requirements for industrial facilities"
"IS 1893 (Part 6):2022","Criteria for Earthquake-Resistant Design of Structures — Base-Isolated Buildings","Requirements and design methods for buildings with base-isolation systems","2022","Active","Check current BIS catalogue","Not a product certification standard","IS 1893 (Part 1):2025; IS 4326:2013","Supports seismic design and procurement requirements for base-isolated buildings"
"IS 4326:2013","Earthquake-Resistant Design and Construction of Buildings — Code of Practice","Code of practice for earthquake-resistant design and construction of buildings","2013","Active","Check current BIS catalogue","Not a product certification standard","IS 1893 (Part 1):2025; IS 13920:2016","Supports earthquake-resistant building design and construction requirements"
